INSERT INTO users (id, username, password, name, surname, parent_name, role, creation_date, last_edit_date, is_deleted)
VALUES (1, 'admin', '{noop}1111', 'Ivan', 'Ivanov', 'Ivanovich', 'ADMIN', '2019-1-1 12:00:00', '2019-1-1 12:00:00', false),
       (2, 'journalist', '{noop}1111', 'Evgeny', '', 'Andreevich', 'JOURNALIST', '2019-1-1 12:00:00', '2019-1-1 12:00:00', false),
       (3, 'subscriber', '{noop}1111', 'Sergey', 'Kozlov', 'Sergeevich', 'SUBSCRIBER', '2019-1-1 12:00:00', '2019-1-1 12:00:00', false),
       (4, 'deleted', '{noop}1111', 'Yaroslav', '', '', 'ADMIN', '2019-1-1 12:00:00', '2019-1-1 12:00:00', true);
SELECT SETVAL('users_id_seq', (SELECT MAX(id) FROM users));

INSERT INTO news (id, title, text, creation_date, last_edit_date, inserted_by_id, updated_by_id)
VALUES (1, 'news1', 'text1', '2021-02-24 04:04:50', '2021-02-24 04:04:50', 1, 1),
       (2, 'news2', 'text2', '2021-11-02 08:44:34', '2021-11-02 08:44:34', 2, 2),
       (3, 'news3', 'text3', '2023-04-13 04:14:05', '2023-04-13 04:14:05', 1, 1),
       (4, 'news4', 'text4', '2020-06-08 05:05:30', '2020-06-08 05:05:30', 2, 2),
       (5, 'news5', 'text5', '2023-01-19 06:26:01', '2023-01-19 06:26:01', 1, 1),
       (6, 'news6', 'text6', '2023-10-18 04:46:40', '2023-10-18 04:46:40', 2, 2),
       (7, 'news7', 'text7', '2022-02-24 12:08:40', '2022-02-24 12:08:40', 1, 1),
       (8, 'news8', 'text8', '2022-10-04 03:20:52', '2022-10-04 03:20:52', 2, 2),
       (9, 'news9', 'text9', '2021-09-14 04:42:50', '2021-09-14 04:42:50', 1, 1),
       (10, 'news10', 'text10', '2021-01-30 04:01:29', '2021-01-30 04:01:29', 2, 2),
       (11, 'news11', 'text11', '2021-10-14 03:03:12', '2021-10-14 03:03:12', 1, 1),
       (12, 'news12', 'text12', '2022-06-17 05:49:01', '2022-06-17 05:49:01', 2, 2),
       (13, 'news13', 'text13', '2021-09-29 09:14:22', '2021-09-29 09:14:22', 1, 1),
       (14, 'news14', 'text14', '2022-05-12 09:15:22', '2022-05-12 09:15:22', 2, 2),
       (15, 'news15', 'text15', '2022-06-29 05:00:30', '2022-06-29 05:00:30', 1, 1),
       (16, 'news16', 'text16', '2020-09-26 01:31:22', '2020-09-26 01:31:22', 2, 2),
       (17, 'news17', 'text17', '2021-10-20 02:42:20', '2021-10-20 02:42:20', 1, 1),
       (18, 'news18', 'text18', '2020-02-26 08:29:52', '2020-02-26 08:29:52', 2, 2),
       (19, 'news19', 'text19', '2020-09-29 09:40:40', '2020-09-29 09:40:40', 1, 1),
       (20, 'news20', 'text20', '2020-01-01 08:01:44', '2020-01-01 08:01:44', 2, 2);
SELECT SETVAL('news_id_seq', (SELECT MAX(id) FROM news));

INSERT INTO comments (id, text, creation_date, last_edit_date, inserted_by_id, news_id)
VALUES (1, 'comment text1', '2021-04-15 04:04:50', '2021-04-15 04:04:50', 1, 1),
       (2, 'comment text2', '2021-03-30 04:04:50', '2021-03-30 04:04:50', 1, 1),
       (3, 'comment text3', '2021-04-07 04:04:50', '2021-04-07 04:04:50', 3, 1),
       (4, 'comment text4', '2021-02-28 04:04:50', '2021-02-28 04:04:50', 3, 1),
       (5, 'comment text5', '2021-03-28 04:04:50', '2021-03-28 04:04:50', 3, 1),
       (6, 'comment text6', '2021-03-27 04:04:50', '2021-03-27 04:04:50', 3, 1),
       (7, 'comment text7', '2021-02-25 04:04:50', '2021-02-25 04:04:50', 1, 1),
       (8, 'comment text8', '2021-03-07 04:04:50', '2021-03-07 04:04:50', 3, 1),
       (9, 'comment text9', '2021-04-09 04:04:50', '2021-04-09 04:04:50', 3, 1),
       (10, 'comment text10', '2021-03-31 04:04:50', '2021-03-31 04:04:50', 1, 1),
       (11, 'comment text11', '2021-12-29 08:44:34', '2021-12-29 08:44:34', 3, 2),
       (12, 'comment text12', '2021-11-28 08:44:34', '2021-11-28 08:44:34', 3, 2),
       (13, 'comment text13', '2021-12-14 08:44:34', '2021-12-14 08:44:34', 1, 2),
       (14, 'comment text14', '2021-12-26 08:44:34', '2021-12-26 08:44:34', 1, 2),
       (15, 'comment text15', '2021-11-13 08:44:34', '2021-11-13 08:44:34', 3, 2),
       (16, 'comment text16', '2021-11-17 08:44:34', '2021-11-17 08:44:34', 1, 2),
       (17, 'comment text17', '2021-12-03 08:44:34', '2021-12-03 08:44:34', 3, 2),
       (18, 'comment text18', '2021-12-23 08:44:34', '2021-12-23 08:44:34', 1, 2),
       (19, 'comment text19', '2021-12-25 08:44:34', '2021-12-25 08:44:34', 1, 2),
       (20, 'comment text20', '2021-12-16 08:44:34', '2021-12-16 08:44:34', 1, 2),
       (21, 'comment text21', '2023-05-14 04:14:05', '2023-05-14 04:14:05', 3, 3),
       (22, 'comment text22', '2023-04-22 04:14:05', '2023-04-22 04:14:05', 3, 3),
       (23, 'comment text23', '2023-05-16 04:14:05', '2023-05-16 04:14:05', 3, 3),
       (24, 'comment text24', '2023-06-06 04:14:05', '2023-06-06 04:14:05', 3, 3),
       (25, 'comment text25', '2023-05-17 04:14:05', '2023-05-17 04:14:05', 1, 3),
       (26, 'comment text26', '2023-05-31 04:14:05', '2023-05-31 04:14:05', 3, 3),
       (27, 'comment text27', '2023-05-01 04:14:05', '2023-05-01 04:14:05', 1, 3),
       (28, 'comment text28', '2023-06-02 04:14:05', '2023-06-02 04:14:05', 3, 3),
       (29, 'comment text29', '2023-05-28 04:14:05', '2023-05-28 04:14:05', 3, 3),
       (30, 'comment text30', '2023-04-18 04:14:05', '2023-04-18 04:14:05', 1, 3),
       (31, 'comment text31', '2020-06-22 05:05:30', '2020-06-22 05:05:30', 1, 4),
       (32, 'comment text32', '2020-06-27 05:05:30', '2020-06-27 05:05:30', 3, 4),
       (33, 'comment text33', '2020-07-20 05:05:30', '2020-07-20 05:05:30', 3, 4),
       (34, 'comment text34', '2020-07-05 05:05:30', '2020-07-05 05:05:30', 3, 4),
       (35, 'comment text35', '2020-06-12 05:05:30', '2020-06-12 05:05:30', 3, 4),
       (36, 'comment text36', '2020-07-24 05:05:30', '2020-07-24 05:05:30', 1, 4),
       (37, 'comment text37', '2020-08-06 05:05:30', '2020-08-06 05:05:30', 1, 4),
       (38, 'comment text38', '2020-06-09 05:05:30', '2020-06-09 05:05:30', 3, 4),
       (39, 'comment text39', '2020-06-17 05:05:30', '2020-06-17 05:05:30', 3, 4),
       (40, 'comment text40', '2020-07-22 05:05:30', '2020-07-22 05:05:30', 3, 4),
       (41, 'comment text41', '2023-03-06 06:26:01', '2023-03-06 06:26:01', 1, 5),
       (42, 'comment text42', '2023-03-16 06:26:01', '2023-03-16 06:26:01', 1, 5),
       (43, 'comment text43', '2023-02-24 06:26:01', '2023-02-24 06:26:01', 3, 5),
       (44, 'comment text44', '2023-02-01 06:26:01', '2023-02-01 06:26:01', 1, 5),
       (45, 'comment text45', '2023-03-06 06:26:01', '2023-03-06 06:26:01', 3, 5),
       (46, 'comment text46', '2023-02-02 06:26:01', '2023-02-02 06:26:01', 1, 5),
       (47, 'comment text47', '2023-01-22 06:26:01', '2023-01-22 06:26:01', 1, 5),
       (48, 'comment text48', '2023-03-03 06:26:01', '2023-03-03 06:26:01', 3, 5),
       (49, 'comment text49', '2023-02-15 06:26:01', '2023-02-15 06:26:01', 1, 5),
       (50, 'comment text50', '2023-01-20 06:26:01', '2023-01-20 06:26:01', 1, 5),
       (51, 'comment text51', '2023-12-07 04:46:40', '2023-12-07 04:46:40', 3, 6),
       (52, 'comment text52', '2023-11-12 04:46:40', '2023-11-12 04:46:40', 3, 6),
       (53, 'comment text53', '2023-10-19 04:46:40', '2023-10-19 04:46:40', 3, 6),
       (54, 'comment text54', '2023-10-24 04:46:40', '2023-10-24 04:46:40', 1, 6),
       (55, 'comment text55', '2023-11-17 04:46:40', '2023-11-17 04:46:40', 3, 6),
       (56, 'comment text56', '2023-10-19 04:46:40', '2023-10-19 04:46:40', 1, 6),
       (57, 'comment text57', '2023-10-21 04:46:40', '2023-10-21 04:46:40', 1, 6),
       (58, 'comment text58', '2023-11-11 04:46:40', '2023-11-11 04:46:40', 1, 6),
       (59, 'comment text59', '2023-11-20 04:46:40', '2023-11-20 04:46:40', 3, 6),
       (60, 'comment text60', '2023-11-29 04:46:40', '2023-11-29 04:46:40', 3, 6),
       (61, 'comment text61', '2022-03-29 12:08:40', '2022-03-29 12:08:40', 3, 7),
       (62, 'comment text62', '2022-04-15 12:08:40', '2022-04-15 12:08:40', 3, 7),
       (63, 'comment text63', '2022-04-06 12:08:40', '2022-04-06 12:08:40', 3, 7),
       (64, 'comment text64', '2022-04-04 12:08:40', '2022-04-04 12:08:40', 1, 7),
       (65, 'comment text65', '2022-03-18 12:08:40', '2022-03-18 12:08:40', 1, 7),
       (66, 'comment text66', '2022-03-14 12:08:40', '2022-03-14 12:08:40', 3, 7),
       (67, 'comment text67', '2022-03-04 12:08:40', '2022-03-04 12:08:40', 3, 7),
       (68, 'comment text68', '2022-03-08 12:08:40', '2022-03-08 12:08:40', 3, 7),
       (69, 'comment text69', '2022-03-09 12:08:40', '2022-03-09 12:08:40', 3, 7),
       (70, 'comment text70', '2022-03-17 12:08:40', '2022-03-17 12:08:40', 3, 7),
       (71, 'comment text71', '2022-10-23 03:20:52', '2022-10-23 03:20:52', 1, 8),
       (72, 'comment text72', '2022-11-25 03:20:52', '2022-11-25 03:20:52', 3, 8),
       (73, 'comment text73', '2022-11-06 03:20:52', '2022-11-06 03:20:52', 3, 8),
       (74, 'comment text74', '2022-10-22 03:20:52', '2022-10-22 03:20:52', 1, 8),
       (75, 'comment text75', '2022-10-24 03:20:52', '2022-10-24 03:20:52', 3, 8),
       (76, 'comment text76', '2022-11-06 03:20:52', '2022-11-06 03:20:52', 3, 8),
       (77, 'comment text77', '2022-10-27 03:20:52', '2022-10-27 03:20:52', 3, 8),
       (78, 'comment text78', '2022-11-15 03:20:52', '2022-11-15 03:20:52', 1, 8),
       (79, 'comment text79', '2022-10-06 03:20:52', '2022-10-06 03:20:52', 3, 8),
       (80, 'comment text80', '2022-11-12 03:20:52', '2022-11-12 03:20:52', 3, 8),
       (81, 'comment text81', '2021-09-15 04:42:50', '2021-09-15 04:42:50', 3, 9),
       (82, 'comment text82', '2021-10-21 04:42:50', '2021-10-21 04:42:50', 3, 9),
       (83, 'comment text83', '2021-09-15 04:42:50', '2021-09-15 04:42:50', 1, 9),
       (84, 'comment text84', '2021-09-26 04:42:50', '2021-09-26 04:42:50', 3, 9),
       (85, 'comment text85', '2021-09-21 04:42:50', '2021-09-21 04:42:50', 3, 9),
       (86, 'comment text86', '2021-09-28 04:42:50', '2021-09-28 04:42:50', 1, 9),
       (87, 'comment text87', '2021-10-02 04:42:50', '2021-10-02 04:42:50', 1, 9),
       (88, 'comment text88', '2021-10-02 04:42:50', '2021-10-02 04:42:50', 1, 9),
       (89, 'comment text89', '2021-09-19 04:42:50', '2021-09-19 04:42:50', 3, 9),
       (90, 'comment text90', '2021-10-12 04:42:50', '2021-10-12 04:42:50', 1, 9),
       (91, 'comment text91', '2021-02-27 04:01:29', '2021-02-27 04:01:29', 1, 10),
       (92, 'comment text92', '2021-02-23 04:01:29', '2021-02-23 04:01:29', 3, 10),
       (93, 'comment text93', '2021-03-26 04:01:29', '2021-03-26 04:01:29', 1, 10),
       (94, 'comment text94', '2021-02-14 04:01:29', '2021-02-14 04:01:29', 3, 10),
       (95, 'comment text95', '2021-03-28 04:01:29', '2021-03-28 04:01:29', 3, 10),
       (96, 'comment text96', '2021-03-24 04:01:29', '2021-03-24 04:01:29', 3, 10),
       (97, 'comment text97', '2021-03-28 04:01:29', '2021-03-28 04:01:29', 3, 10),
       (98, 'comment text98', '2021-03-10 04:01:29', '2021-03-10 04:01:29', 3, 10),
       (99, 'comment text99', '2021-02-08 04:01:29', '2021-02-08 04:01:29', 3, 10),
       (100, 'comment text100', '2021-02-22 04:01:29', '2021-02-22 04:01:29', 1, 10),
       (101, 'comment text101', '2021-11-15 03:03:12', '2021-11-15 03:03:12', 1, 11),
       (102, 'comment text102', '2021-12-11 03:03:12', '2021-12-11 03:03:12', 1, 11),
       (103, 'comment text103', '2021-10-18 03:03:12', '2021-10-18 03:03:12', 1, 11),
       (104, 'comment text104', '2021-10-20 03:03:12', '2021-10-20 03:03:12', 1, 11),
       (105, 'comment text105', '2021-12-11 03:03:12', '2021-12-11 03:03:12', 3, 11),
       (106, 'comment text106', '2021-12-01 03:03:12', '2021-12-01 03:03:12', 3, 11),
       (107, 'comment text107', '2021-11-19 03:03:12', '2021-11-19 03:03:12', 3, 11),
       (108, 'comment text108', '2021-11-16 03:03:12', '2021-11-16 03:03:12', 3, 11),
       (109, 'comment text109', '2021-10-27 03:03:12', '2021-10-27 03:03:12', 3, 11),
       (110, 'comment text110', '2021-10-29 03:03:12', '2021-10-29 03:03:12', 3, 11),
       (111, 'comment text111', '2022-07-15 05:49:01', '2022-07-15 05:49:01', 1, 12),
       (112, 'comment text112', '2022-07-24 05:49:01', '2022-07-24 05:49:01', 3, 12),
       (113, 'comment text113', '2022-06-18 05:49:01', '2022-06-18 05:49:01', 1, 12),
       (114, 'comment text114', '2022-06-28 05:49:01', '2022-06-28 05:49:01', 3, 12),
       (115, 'comment text115', '2022-07-05 05:49:01', '2022-07-05 05:49:01', 3, 12),
       (116, 'comment text116', '2022-06-22 05:49:01', '2022-06-22 05:49:01', 1, 12),
       (117, 'comment text117', '2022-07-23 05:49:01', '2022-07-23 05:49:01', 3, 12),
       (118, 'comment text118', '2022-08-03 05:49:01', '2022-08-03 05:49:01', 3, 12),
       (119, 'comment text119', '2022-08-03 05:49:01', '2022-08-03 05:49:01', 1, 12),
       (120, 'comment text120', '2022-07-11 05:49:01', '2022-07-11 05:49:01', 3, 12),
       (121, 'comment text121', '2021-10-01 09:14:22', '2021-10-01 09:14:22', 1, 13),
       (122, 'comment text122', '2021-10-12 09:14:22', '2021-10-12 09:14:22', 3, 13),
       (123, 'comment text123', '2021-10-01 09:14:22', '2021-10-01 09:14:22', 3, 13),
       (124, 'comment text124', '2021-10-26 09:14:22', '2021-10-26 09:14:22', 3, 13),
       (125, 'comment text125', '2021-11-24 09:14:22', '2021-11-24 09:14:22', 1, 13),
       (126, 'comment text126', '2021-11-12 09:14:22', '2021-11-12 09:14:22', 1, 13),
       (127, 'comment text127', '2021-11-27 09:14:22', '2021-11-27 09:14:22', 3, 13),
       (128, 'comment text128', '2021-11-08 09:14:22', '2021-11-08 09:14:22', 3, 13),
       (129, 'comment text129', '2021-10-10 09:14:22', '2021-10-10 09:14:22', 3, 13),
       (130, 'comment text130', '2021-10-19 09:14:22', '2021-10-19 09:14:22', 3, 13),
       (131, 'comment text131', '2022-06-17 09:15:22', '2022-06-17 09:15:22', 1, 14),
       (132, 'comment text132', '2022-05-31 09:15:22', '2022-05-31 09:15:22', 3, 14),
       (133, 'comment text133', '2022-07-04 09:15:22', '2022-07-04 09:15:22', 1, 14),
       (134, 'comment text134', '2022-05-29 09:15:22', '2022-05-29 09:15:22', 3, 14),
       (135, 'comment text135', '2022-06-19 09:15:22', '2022-06-19 09:15:22', 3, 14),
       (136, 'comment text136', '2022-07-03 09:15:22', '2022-07-03 09:15:22', 3, 14),
       (137, 'comment text137', '2022-06-25 09:15:22', '2022-06-25 09:15:22', 3, 14),
       (138, 'comment text138', '2022-07-02 09:15:22', '2022-07-02 09:15:22', 3, 14),
       (139, 'comment text139', '2022-05-14 09:15:22', '2022-05-14 09:15:22', 3, 14),
       (140, 'comment text140', '2022-07-08 09:15:22', '2022-07-08 09:15:22', 3, 14),
       (141, 'comment text141', '2022-08-12 05:00:30', '2022-08-12 05:00:30', 1, 15),
       (142, 'comment text142', '2022-08-02 05:00:30', '2022-08-02 05:00:30', 1, 15),
       (143, 'comment text143', '2022-07-04 05:00:30', '2022-07-04 05:00:30', 3, 15),
       (144, 'comment text144', '2022-07-27 05:00:30', '2022-07-27 05:00:30', 3, 15),
       (145, 'comment text145', '2022-07-20 05:00:30', '2022-07-20 05:00:30', 1, 15),
       (146, 'comment text146', '2022-08-08 05:00:30', '2022-08-08 05:00:30', 1, 15),
       (147, 'comment text147', '2022-07-19 05:00:30', '2022-07-19 05:00:30', 3, 15),
       (148, 'comment text148', '2022-08-01 05:00:30', '2022-08-01 05:00:30', 1, 15),
       (149, 'comment text149', '2022-07-21 05:00:30', '2022-07-21 05:00:30', 3, 15),
       (150, 'comment text150', '2022-08-02 05:00:30', '2022-08-02 05:00:30', 3, 15),
       (151, 'comment text151', '2020-10-20 01:31:22', '2020-10-20 01:31:22', 3, 16),
       (152, 'comment text152', '2020-11-23 01:31:22', '2020-11-23 01:31:22', 3, 16),
       (153, 'comment text153', '2020-10-10 01:31:22', '2020-10-10 01:31:22', 3, 16),
       (154, 'comment text154', '2020-11-01 01:31:22', '2020-11-01 01:31:22', 3, 16),
       (155, 'comment text155', '2020-10-24 01:31:22', '2020-10-24 01:31:22', 1, 16),
       (156, 'comment text156', '2020-11-18 01:31:22', '2020-11-18 01:31:22', 1, 16),
       (157, 'comment text157', '2020-11-17 01:31:22', '2020-11-17 01:31:22', 1, 16),
       (158, 'comment text158', '2020-11-19 01:31:22', '2020-11-19 01:31:22', 1, 16),
       (159, 'comment text159', '2020-11-17 01:31:22', '2020-11-17 01:31:22', 3, 16),
       (160, 'comment text160', '2020-10-11 01:31:22', '2020-10-11 01:31:22', 1, 16),
       (161, 'comment text161', '2021-11-26 02:42:20', '2021-11-26 02:42:20', 3, 17),
       (162, 'comment text162', '2021-12-10 02:42:20', '2021-12-10 02:42:20', 3, 17),
       (163, 'comment text163', '2021-11-13 02:42:20', '2021-11-13 02:42:20', 1, 17),
       (164, 'comment text164', '2021-11-27 02:42:20', '2021-11-27 02:42:20', 1, 17),
       (165, 'comment text165', '2021-10-26 02:42:20', '2021-10-26 02:42:20', 1, 17),
       (166, 'comment text166', '2021-10-20 02:42:20', '2021-10-20 02:42:20', 3, 17),
       (167, 'comment text167', '2021-11-23 02:42:20', '2021-11-23 02:42:20', 1, 17),
       (168, 'comment text168', '2021-12-17 02:42:20', '2021-12-17 02:42:20', 3, 17),
       (169, 'comment text169', '2021-11-21 02:42:20', '2021-11-21 02:42:20', 1, 17),
       (170, 'comment text170', '2021-12-03 02:42:20', '2021-12-03 02:42:20', 3, 17),
       (171, 'comment text171', '2020-03-10 08:29:52', '2020-03-10 08:29:52', 1, 18),
       (172, 'comment text172', '2020-03-29 08:29:52', '2020-03-29 08:29:52', 3, 18),
       (173, 'comment text173', '2020-03-16 08:29:52', '2020-03-16 08:29:52', 1, 18),
       (174, 'comment text174', '2020-02-29 08:29:52', '2020-02-29 08:29:52', 3, 18),
       (175, 'comment text175', '2020-02-28 08:29:52', '2020-02-28 08:29:52', 1, 18),
       (176, 'comment text176', '2020-04-03 08:29:52', '2020-04-03 08:29:52', 3, 18),
       (177, 'comment text177', '2020-03-19 08:29:52', '2020-03-19 08:29:52', 1, 18),
       (178, 'comment text178', '2020-04-02 08:29:52', '2020-04-02 08:29:52', 3, 18),
       (179, 'comment text179', '2020-03-06 08:29:52', '2020-03-06 08:29:52', 1, 18),
       (180, 'comment text180', '2020-04-20 08:29:52', '2020-04-20 08:29:52', 3, 18),
       (181, 'comment text181', '2020-11-13 09:40:40', '2020-11-13 09:40:40', 1, 19),
       (182, 'comment text182', '2020-10-29 09:40:40', '2020-10-29 09:40:40', 3, 19),
       (183, 'comment text183', '2020-10-19 09:40:40', '2020-10-19 09:40:40', 3, 19),
       (184, 'comment text184', '2020-10-18 09:40:40', '2020-10-18 09:40:40', 3, 19),
       (185, 'comment text185', '2020-11-27 09:40:40', '2020-11-27 09:40:40', 3, 19),
       (186, 'comment text186', '2020-11-18 09:40:40', '2020-11-18 09:40:40', 1, 19),
       (187, 'comment text187', '2020-10-13 09:40:40', '2020-10-13 09:40:40', 3, 19),
       (188, 'comment text188', '2020-10-27 09:40:40', '2020-10-27 09:40:40', 3, 19),
       (189, 'comment text189', '2020-10-03 09:40:40', '2020-10-03 09:40:40', 1, 19),
       (190, 'comment text190', '2020-11-25 09:40:40', '2020-11-25 09:40:40', 1, 19),
       (191, 'comment text191', '2020-01-02 08:01:44', '2020-01-02 08:01:44', 3, 20),
       (192, 'comment text192', '2020-02-09 08:01:44', '2020-02-09 08:01:44', 1, 20),
       (193, 'comment text193', '2020-01-01 08:01:44', '2020-01-01 08:01:44', 3, 20),
       (194, 'comment text194', '2020-01-09 08:01:44', '2020-01-09 08:01:44', 1, 20),
       (195, 'comment text195', '2020-01-12 08:01:44', '2020-01-12 08:01:44', 1, 20),
       (196, 'comment text196', '2020-02-20 08:01:44', '2020-02-20 08:01:44', 3, 20),
       (197, 'comment text197', '2020-01-02 08:01:44', '2020-01-02 08:01:44', 3, 20),
       (198, 'comment text198', '2020-02-24 08:01:44', '2020-02-24 08:01:44', 1, 20),
       (199, 'comment text199', '2020-01-15 08:01:44', '2020-01-15 08:01:44', 3, 20),
       (200, 'comment text200', '2020-01-22 08:01:44', '2020-01-22 08:01:44', 1, 20);
SELECT SETVAL('comments_id_seq', (SELECT MAX(id) FROM comments));

